{"domain": ["bridgewayfunds.com", "www.diamond-hill.com", "www.cullenfunds.com"], "Fund Name/Ticker": ["AGGRESSIVE INVESTORS 1 FUND", "www.diamond-hill.com", ""], "record_date": [[0.00039603960396039607, 0.0003714710252600297, 0.00034979303911852156, 0.00042517006802721087], [0.020689655172413793, 0.023391812865497075, 0.04824561403508772, 0.024691358024691357], [5.118667781398761e-05, 4.123371268349002e-05, 1.8326094525995565e-05, 5.118667781398761e-05]], "ordinary_income": [[0.7228, 0.8189, 0.3613, 0.357], [null, null, null, null], [0.03907, 0.04867, 0.01192, 0.029], []]}